{
    "veefe": "LWLLWLWWLWWWLLWWLLLWLLWLWWWLWWWWLWLWLLLLWLWWLWWL",
    "profitSession": -6.860000000000005,
    "lastTake": -1.2200000000000042
}