{
    "veefe": "",
    "profitSession": -95.22999999999999,
    "cicleSession": -99.83999999999999,
    "lastTake": 0
}